Model,R²,MAE,RMSE,Correlation,p-value,Predictions
Naive (Mean),-0.05478451424397357,0.28666311222117036,0.3323682073613664,-0.9999999999999999,0.0,"[2.15661081 2.1713593  2.15073188 2.14490495 2.16189437 2.15817049
 2.1700822  2.17363182 2.16481029 2.16846817 2.16447032 2.1515572
 2.161287   2.17224552 2.17050123 2.14934557 2.17411019 2.161287
 2.161287   2.17224552 2.17611311 2.15635939 2.16011173 2.1515572
 2.17316177 2.16657739 2.14802692 2.15635939 2.15982572 2.16966956
 2.15442807 2.15790421 2.16481029 2.17316177 2.15032848 2.14934557
 2.16585663 2.17224552]"
Naive (Median),-0.06634501568832918,0.28969687947008294,0.33418463162327017,-0.8604505586268522,4.3687323657001815e-12,"[2.17475172 2.19722458 2.17475172 2.17475172 2.19722458 2.17475172
 2.19722458 2.19722458 2.19722458 2.19722458 2.19722458 2.17475172
 2.17475172 2.19722458 2.19722458 2.17475172 2.19722458 2.17475172
 2.17475172 2.19722458 2.19722458 2.17475172 2.17475172 2.17475172
 2.19722458 2.19722458 2.17475172 2.17475172 2.17475172 2.19722458
 2.17475172 2.17475172 2.19722458 2.19722458 2.17475172 2.17475172
 2.19722458 2.19722458]"
Linear Regression,-1.860569492981416,0.31594442952624513,0.5473484007906806,0.27335213815819154,0.09680131744547903,"[2.33228357 2.2836077  2.45788495 2.04292777 4.87736414 2.89108352
 1.86645754 1.94520782 2.01661881 2.0414304  1.99649065 2.57924296
 1.71374855 1.98986028 1.91473375 2.2728704  1.78767742 2.37317288
 2.10046221 1.81082792 2.27877922 2.19592222 2.21232365 2.42362222
 1.85082238 2.37184334 2.10967075 3.01681329 2.42749462 1.85538041
 2.69572907 2.15670537 1.55624941 1.81498866 2.1365642  2.25601671
 2.17774148 2.35175262]"
Ridge (α=1.0),0.04102622926874555,0.25606345454224444,0.3169136654488705,0.40787763263061266,0.011023347036931452,"[2.07251911 2.20763441 2.24107716 2.02352769 2.31227829 2.68548352
 2.05030035 1.88867061 1.94978119 2.09472427 1.97980007 2.4468553
 2.26851569 2.09337993 2.15270753 2.2437593  1.78394256 2.43853465
 2.19441398 1.84699976 2.1242238  2.04170434 2.21327881 2.56491903
 1.80931676 1.96767335 1.91807672 2.76238123 2.39313967 2.14094023
 2.65855168 2.01080147 1.68436358 1.96649261 2.17704045 2.21760171
 2.23749802 2.31336951]"
Ridge (α=0.1),0.06718805436019826,0.24927835012198918,0.3125609021210081,0.4478073795419884,0.004813896817175115,"[2.17094696 2.22938006 2.32953538 2.03476688 2.34397407 2.75681549
 1.97682601 1.91130413 1.97978188 2.07646773 1.98628495 2.51025969
 2.08924858 2.05200694 2.06098186 2.25565002 1.77931942 2.40947652
 2.15332214 1.83506095 2.18710427 2.10674365 2.21254262 2.51413751
 1.82572446 2.10414932 1.98158092 2.88788753 2.40704518 2.06479451
 2.67092818 2.05330985 1.60416163 1.913717   2.15827162 2.23678798
 2.21427873 2.318042  ]"
Lasso (α=0.1),0.0257846330131577,0.2677877717931758,0.3194221952160902,0.16200484907435603,0.3311780731869051,"[2.15248924 2.21265038 2.18387449 2.06185681 2.16392009 2.09452949
 2.16132941 2.11802575 2.10560809 2.13270736 2.06420624 2.21431999
 2.23297748 2.14201569 2.11430769 2.16216154 2.10230753 2.20643953
 2.16230358 2.10561872 2.14923288 2.08108315 2.12247508 2.24036078
 2.13970513 2.19667629 2.07852255 2.26415476 2.22360763 2.2325216
 2.24475793 2.13249531 2.05821034 2.10265463 2.21017181 2.20450929
 2.23364503 2.17281131]"
ElasticNet,0.11714445683190533,0.25312567530540897,0.30407619785410495,0.3453468943300838,0.03370622630410849,"[2.12006881 2.20699237 2.19666838 2.01286634 2.20315465 2.13777817
 2.13176204 2.00908367 2.01660559 2.10042147 2.0221468  2.25884102
 2.27634666 2.11854641 2.1492323  2.21162483 1.9462369  2.32011822
 2.19949896 1.98705361 2.13633224 2.04007618 2.07797512 2.36852254
 2.024653   2.16376717 2.0330804  2.41614847 2.30650713 2.2527376
 2.39174243 2.08595831 1.91478187 2.04750458 2.2626799  2.20378624
 2.22679743 2.18827576]"
Bayesian Ridge,0.2345315743245875,0.22652743036545955,0.28314000989087984,0.48433369051381836,0.0020613262636019277,"[2.12218551 2.18876631 2.19045991 2.00820425 2.21463431 2.34511976
 2.11658234 1.98904742 1.96323557 2.08266752 2.01724644 2.31642408
 2.26161489 2.13050083 2.10676798 2.23078414 1.89781036 2.33248198
 2.20859117 1.88641124 2.12194044 2.0429815  2.1764672  2.57633322
 1.91180162 2.13834975 2.13757089 2.52811528 2.26519287 2.21439184
 2.44505006 2.10157042 1.93748242 2.00965412 2.2395516  2.24023522
 2.24493043 2.18250337]"
Huber Regressor,-1.8393987966840233,0.3102592949369414,0.5453192128368104,0.2887013871506267,0.0787693570608355,"[2.43867231 2.1557837  2.54106129 2.09681323 4.89733114 2.85806617
 1.74792029 1.9483511  2.01800391 2.04307543 1.98607574 2.58176276
 1.61810018 2.01188514 1.9953802  2.27648524 1.72742046 2.31812725
 2.05218271 1.69808092 2.3082567  2.21640564 2.27994381 2.38472422
 1.81709585 2.51763813 2.05451264 2.97351505 2.38908727 1.91295323
 2.42315807 2.17603901 1.62784234 1.78092917 2.1967988  2.33736477
 2.2920156  2.27673449]"
Random Forest,0.11937596002557205,0.25079737508647765,0.3036916636412306,0.3821675461942666,0.017893851496100593,"[2.05559202 2.22941284 2.15894264 2.03795218 2.16567916 2.18917422
 2.04402799 2.02849226 1.86456928 2.08604021 2.04274068 2.30234287
 2.4641934  2.12733265 2.13140968 2.27239098 1.86615065 2.39110917
 2.27657278 1.83908461 2.22080873 2.02716075 2.19721563 2.46197048
 1.87884408 2.33239356 2.23768856 2.48401094 2.24069626 2.25325531
 2.45204779 1.9819825  1.9071784  1.97181377 2.35304556 2.07493115
 2.30013475 2.21153359]"
Extra Trees,0.15107222956163413,0.2429425245558173,0.2981761977621321,0.4039201733034104,0.011905205915217319,"[2.09410941 2.26479032 2.14539188 2.03801694 2.14679213 2.18690815
 2.04818454 1.93786225 1.973161   2.02561874 2.04436337 2.34164955
 2.4327373  2.13519022 2.08466374 2.2477894  1.93337728 2.3560631
 2.20472879 1.90303273 2.21113341 1.9661275  2.20297578 2.46314483
 1.92008842 2.28349162 2.24433795 2.47799416 2.317757   2.32183179
 2.44074726 2.05020112 1.96070748 1.90898114 2.29521742 2.13878862
 2.33856097 2.19384683]"
Gradient Boosting,0.2238422836364219,0.23870059817110426,0.2851100930965695,0.495515002877202,0.0015600590682648345,"[2.11965683 2.22727154 2.16500712 2.14997905 2.10342551 2.36800986
 2.15072562 2.09003028 2.01288408 2.08649201 2.0923662  2.33148821
 2.41799918 2.06701115 2.15058702 2.39687801 1.87265063 2.43688009
 2.3629133  1.79379373 2.17914012 1.96171665 2.09448029 2.51912254
 1.84385234 2.25797973 2.32061783 2.54859997 2.14646358 2.29557876
 2.51372839 2.00766005 1.75411891 1.92495181 2.5283653  2.06263829
 2.319089   2.01654339]"
AdaBoost,0.002256820454985875,0.2622352497555658,0.32325629131200556,0.34204208750605464,0.03556043601982865,"[2.13635975 2.23222039 2.19948338 1.92877277 2.29058501 2.19722458
 2.06532517 1.87943591 1.79447615 2.16456444 2.03292927 2.37954613
 2.59285313 2.03642719 2.23297897 2.23126711 1.83478515 2.30190216
 2.40168023 1.81814015 2.18800073 1.90419511 2.01888704 2.52216871
 1.85587611 2.2512918  2.03887485 2.57238144 2.19722458 2.2666165
 2.38540896 1.9555336  1.82111666 1.87180218 2.49800025 2.00485077
 2.1681937  2.12080724]"
SVR (RBF),-0.11068704242798177,0.28045934331253264,0.3410620945281598,0.21875433535614047,0.18700427903982153,"[2.0358245  2.29608663 2.20088481 1.9709249  2.33249    2.2938173
 2.01007544 1.83766042 1.81277863 2.1697553  1.96882949 2.28596281
 2.44999912 2.16398093 1.96480291 2.1914663  1.91827222 2.70973292
 2.17724077 2.20884939 2.25332077 2.02828856 2.2504042  2.30769395
 1.83388123 2.01773537 2.12801736 2.47289032 2.26354338 2.33326049
 2.52298448 2.02763832 1.8776198  2.10065666 2.03028505 2.16070654
 2.35028254 2.12094189]"
SVR (Linear),-0.10375957191939245,0.27096255024388044,0.3399968109952212,0.33696921781958467,0.03856802390330497,"[2.12477065 2.22248194 2.26173399 2.01269797 2.3719561  2.84287914
 2.00123444 1.91794952 1.89632986 2.08047447 1.87412973 2.33478518
 2.16157615 2.11909327 2.14502137 2.22840744 1.76795658 2.41177113
 2.1719632  1.75919531 2.11509024 2.02207851 2.32459398 2.43195836
 1.77917231 2.03988421 1.77358553 2.76720212 2.195383   2.26283964
 2.48483336 2.01222038 1.6384146  1.87280342 2.1214613  2.25706143
 2.30306819 2.31471571]"
SVR (Poly),-1.219855522346906,0.3960698140353184,0.4821697461419311,-0.19919566209056333,0.23054108230706283,"[2.03412057 2.17353164 2.08811364 2.03997161 2.09989544 3.13828511
 2.14969822 2.02731508 2.11316306 2.18474161 2.04306533 1.85584842
 2.15267576 2.21835923 2.01788027 2.02242174 2.1429446  1.95740212
 2.15932935 2.28651918 2.24621556 1.99232153 3.27159609 1.78539316
 1.67304006 2.13124673 1.62943238 2.01499614 1.98806995 2.28857081
 2.2890042  2.07512409 2.19062074 2.27203361 1.96851531 1.89959698
 2.13777377 2.32938607]"
MLP (32),-13.446984623811309,1.0226690441394934,1.2300597491306737,-0.009876795801152319,0.9530698639678716,"[ 0.71115253  0.46680719  0.60964779  1.00243495  1.24234419  3.12711137
  0.9268285   2.00615578  1.46621422  1.36571153  0.29850797  1.49455141
  1.26499184  1.37650859  0.29255314  0.34557969  1.43365244 -0.03572797
 -0.10051246  2.46335694  0.8562671   1.18737837  1.35171892  1.85251056
  1.44468954  0.17502098  1.05926157  1.53604369  0.23654938  3.6054759
  3.30262995  2.01317093  1.7724013   1.93293159  2.59124227  2.63830382
  2.0692695   2.58665599]"
"MLP (64, 32)",-5.4053308364718,0.6746668671196435,0.8190461725719563,0.14042401247015968,0.40040769280133703,"[1.4888522  1.33340799 1.19946584 1.67974172 1.44951598 2.35397663
 1.24372451 1.95211756 1.77798348 1.66129646 1.88175654 2.4679048
 1.73720045 1.72056167 2.32936076 1.16489017 2.09907496 1.04885585
 1.67218613 2.80105863 0.92087422 1.89659108 3.13565392 3.39670891
 1.61455034 1.67022504 1.76344736 2.70681161 1.38038875 1.84353996
 1.51015606 0.54634302 0.40486451 1.15943986 1.49531535 1.82637316
 2.00421365 0.53598184]"
"MLP (128, 64, 32)",-10.164904607297041,0.8774826154540855,1.0813470768524693,0.04678432043114049,0.7803087869599067,"[1.08022643 1.12646886 0.56328619 1.51472524 0.60142459 2.57031412
 0.81285414 1.25450882 1.48020743 0.9287036  1.16898126 1.74756358
 0.96188581 0.95772064 1.84780241 0.81022885 1.65356638 0.83694325
 0.86763286 3.07411842 1.53156749 2.17581992 5.02075014 2.38239288
 1.1124773  2.70420778 1.4831558  2.57734168 4.31469602 1.81542364
 3.67962387 2.29422654 1.77524257 2.48796058 1.57012956 1.9404428
 2.52789471 2.53038384]"
"MLP (64, 32) tanh",-9.785205014488572,0.7117337871557252,1.062800633596681,-0.1950485154139616,0.24059241419976882,"[ 1.9266735   2.50461272  2.59884346  2.28379478  2.40477705  1.53981465
  2.30781061  1.60461734  1.86175869  2.22081577  2.19589612  1.98486856
  2.35083023  2.07280773  1.59798321  2.40380684  1.50815337  2.83641843
  2.51766078  1.46883824  2.57182358  2.19639553  1.75950576  1.42184386
  1.01031351  0.10672189 -0.71498705  0.46544292 -0.57358481  2.10223133
  2.24329909  1.76259697  1.25713631  1.94445791  0.42987533  0.66273318
  2.55844859  1.74879663]"
